pan_gene_65881,Zm00018ab340020_T001,Zm00001eb324240_T001,Zm00042ab339680_T001,Zm00031ab337640_T001,Zm00033ab343960_T002,Zm00035ab337490_T001,Zm00038ab331950_T001,Zm00039ab331000_T001,Zm00032ab339290_T002,Zm00034ab346790_T001,Zm00036ab334260_T001,Zm00027ab329110_T001,Zm00028ab332850_T001,Zm00040ab345380_T001,Zm00019ab312400_T001,Zm00020ab328760_T001,Zm00030ab326440_T002,Zm00022ab330210_T001,Zm00023ab333700_T002,Zm00024ab331170_T001,Zm00025ab336500_T001,Zm00026ab327970_T001,Zm00029ab339850_T001,Zm00021ab329880_T001,Zm00041ab337610_T001,Zm00037ab328600_T001,Zm00018ab340020_T001
pan_gene_66811,Zm00019ab312400_T001,Zm00001eb324240_T001,Zm00042ab339680_T001,Zm00031ab337640_T001,Zm00033ab343960_T002,Zm00035ab337490_T001,Zm00038ab331950_T001,Zm00039ab331000_T001,Zm00032ab339290_T002,Zm00034ab346790_T001,Zm00036ab334260_T001,Zm00027ab329110_T001,Zm00028ab332850_T001,Zm00040ab345380_T001,Zm00019ab312400_T001,Zm00020ab328760_T001,Zm00030ab326440_T002,Zm00022ab330210_T001,Zm00023ab333700_T002,Zm00024ab331170_T001,Zm00025ab336500_T001,Zm00026ab327970_T001,Zm00029ab339850_T001,Zm00021ab329880_T001,Zm00041ab337610_T001,Zm00037ab328600_T001,Zm00018ab340020_T001
pan_gene_67907,Zm00020ab328760_T001,Zm00001eb324240_T001,Zm00042ab339680_T001,Zm00031ab337640_T001,Zm00033ab343960_T002,Zm00035ab337490_T001,Zm00038ab331950_T001,Zm00039ab331000_T001,Zm00032ab339290_T002,Zm00034ab346790_T001,Zm00036ab334260_T001,Zm00027ab329110_T001,Zm00028ab332850_T001,Zm00040ab345380_T001,Zm00019ab312400_T001,Zm00020ab328760_T001,Zm00030ab326440_T002,Zm00022ab330210_T001,Zm00023ab333700_T002,Zm00024ab331170_T001,Zm00025ab336500_T001,Zm00026ab327970_T001,Zm00029ab339850_T001,Zm00021ab329880_T001,Zm00041ab337610_T001,Zm00037ab328600_T001,Zm00018ab340020_T001
pan_gene_68802,Zm00021ab329880_T001,Zm00001eb324240_T001,Zm00042ab339680_T001,Zm00031ab337640_T001,Zm00033ab343960_T002,Zm00035ab337490_T001,Zm00038ab331950_T001,Zm00039ab331000_T001,Zm00032ab339290_T002,Zm00034ab346790_T001,Zm00036ab334260_T001,Zm00027ab329110_T001,Zm00028ab332850_T001,Zm00040ab345380_T001,Zm00019ab312400_T001,Zm00020ab328760_T001,Zm00030ab326440_T002,Zm00022ab330210_T001,Zm00023ab333700_T002,Zm00024ab331170_T001,Zm00025ab336500_T001,Zm00026ab327970_T001,Zm00029ab339850_T001,Zm00021ab329880_T001,Zm00041ab337610_T001,Zm00037ab328600_T001,Zm00018ab340020_T001
pan_gene_69790,Zm00022ab330210_T001,Zm00001eb324240_T001,Zm00042ab339680_T001,Zm00031ab337640_T001,Zm00033ab343960_T002,Zm00035ab337490_T001,Zm00038ab331950_T001,Zm00039ab331000_T001,Zm00032ab339290_T002,Zm00034ab346790_T001,Zm00036ab334260_T001,Zm00027ab329110_T001,Zm00028ab332850_T001,Zm00040ab345380_T001,Zm00019ab312400_T001,Zm00020ab328760_T001,Zm00030ab326440_T002,Zm00022ab330210_T001,Zm00023ab333700_T002,Zm00024ab331170_T001,Zm00025ab336500_T001,Zm00026ab327970_T001,Zm00029ab339850_T001,Zm00021ab329880_T001,Zm00041ab337610_T001,Zm00037ab328600_T001,Zm00018ab340020_T001
pan_gene_70749,Zm00023ab333700_T002,Zm00001eb324240_T001,Zm00042ab339680_T001,Zm00031ab337640_T001,Zm00033ab343960_T002,Zm00035ab337490_T001,Zm00038ab331950_T001,Zm00039ab331000_T001,Zm00032ab339290_T002,Zm00034ab346790_T001,Zm00036ab334260_T001,Zm00027ab329110_T001,Zm00028ab332850_T001,Zm00040ab345380_T001,Zm00019ab312400_T001,Zm00020ab328760_T001,Zm00030ab326440_T002,Zm00022ab330210_T001,Zm00023ab333700_T002,Zm00024ab331170_T001,Zm00025ab336500_T001,Zm00026ab327970_T001,Zm00029ab339850_T001,Zm00021ab329880_T001,Zm00041ab337610_T001,Zm00037ab328600_T001,Zm00018ab340020_T001
pan_gene_71744,Zm00024ab331170_T001,Zm00001eb324240_T001,Zm00042ab339680_T001,Zm00031ab337640_T001,Zm00033ab343960_T002,Zm00035ab337490_T001,Zm00038ab331950_T001,Zm00039ab331000_T001,Zm00032ab339290_T002,Zm00034ab346790_T001,Zm00036ab334260_T001,Zm00027ab329110_T001,Zm00028ab332850_T001,Zm00040ab345380_T001,Zm00019ab312400_T001,Zm00020ab328760_T001,Zm00030ab326440_T002,Zm00022ab330210_T001,Zm00023ab333700_T002,Zm00024ab331170_T001,Zm00025ab336500_T001,Zm00026ab327970_T001,Zm00029ab339850_T001,Zm00021ab329880_T001,Zm00041ab337610_T001,Zm00037ab328600_T001,Zm00018ab340020_T001
pan_gene_72802,Zm00025ab336500_T001,Zm00001eb324240_T001,Zm00042ab339680_T001,Zm00031ab337640_T001,Zm00033ab343960_T002,Zm00035ab337490_T001,Zm00038ab331950_T001,Zm00039ab331000_T001,Zm00032ab339290_T002,Zm00034ab346790_T001,Zm00036ab334260_T001,Zm00027ab329110_T001,Zm00028ab332850_T001,Zm00040ab345380_T001,Zm00019ab312400_T001,Zm00020ab328760_T001,Zm00030ab326440_T002,Zm00022ab330210_T001,Zm00023ab333700_T002,Zm00024ab331170_T001,Zm00025ab336500_T001,Zm00026ab327970_T001,Zm00029ab339850_T001,Zm00021ab329880_T001,Zm00041ab337610_T001,Zm00037ab328600_T001,Zm00018ab340020_T001
pan_gene_73713,Zm00026ab327970_T001,Zm00001eb324240_T001,Zm00042ab339680_T001,Zm00031ab337640_T001,Zm00033ab343960_T002,Zm00035ab337490_T001,Zm00038ab331950_T001,Zm00039ab331000_T001,Zm00032ab339290_T002,Zm00034ab346790_T001,Zm00036ab334260_T001,Zm00027ab329110_T001,Zm00028ab332850_T001,Zm00040ab345380_T001,Zm00019ab312400_T001,Zm00020ab328760_T001,Zm00030ab326440_T002,Zm00022ab330210_T001,Zm00023ab333700_T002,Zm00024ab331170_T001,Zm00025ab336500_T001,Zm00026ab327970_T001,Zm00029ab339850_T001,Zm00021ab329880_T001,Zm00041ab337610_T001,Zm00037ab328600_T001,Zm00018ab340020_T001
pan_gene_74904,Zm00027ab329110_T001,Zm00001eb324240_T001,Zm00042ab339680_T001,Zm00031ab337640_T001,Zm00033ab343960_T002,Zm00035ab337490_T001,Zm00038ab331950_T001,Zm00039ab331000_T001,Zm00032ab339290_T002,Zm00034ab346790_T001,Zm00036ab334260_T001,Zm00027ab329110_T001,Zm00028ab332850_T001,Zm00040ab345380_T001,Zm00019ab312400_T001,Zm00020ab328760_T001,Zm00030ab326440_T002,Zm00022ab330210_T001,Zm00023ab333700_T002,Zm00024ab331170_T001,Zm00025ab336500_T001,Zm00026ab327970_T001,Zm00029ab339850_T001,Zm00021ab329880_T001,Zm00041ab337610_T001,Zm00037ab328600_T001,Zm00018ab340020_T001
pan_gene_76390,Zm00028ab332850_T001,Zm00001eb324240_T001,Zm00042ab339680_T001,Zm00031ab337640_T001,Zm00033ab343960_T002,Zm00035ab337490_T001,Zm00038ab331950_T001,Zm00039ab331000_T001,Zm00032ab339290_T002,Zm00034ab346790_T001,Zm00036ab334260_T001,Zm00027ab329110_T001,Zm00028ab332850_T001,Zm00040ab345380_T001,Zm00019ab312400_T001,Zm00020ab328760_T001,Zm00030ab326440_T002,Zm00022ab330210_T001,Zm00023ab333700_T002,Zm00024ab331170_T001,Zm00025ab336500_T001,Zm00026ab327970_T001,Zm00029ab339850_T001,Zm00021ab329880_T001,Zm00041ab337610_T001,Zm00037ab328600_T001,Zm00018ab340020_T001
pan_gene_77432,Zm00029ab339850_T001,Zm00001eb324240_T001,Zm00042ab339680_T001,Zm00031ab337640_T001,Zm00033ab343960_T002,Zm00035ab337490_T001,Zm00038ab331950_T001,Zm00039ab331000_T001,Zm00032ab339290_T002,Zm00034ab346790_T001,Zm00036ab334260_T001,Zm00027ab329110_T001,Zm00028ab332850_T001,Zm00040ab345380_T001,Zm00019ab312400_T001,Zm00020ab328760_T001,Zm00030ab326440_T002,Zm00022ab330210_T001,Zm00023ab333700_T002,Zm00024ab331170_T001,Zm00025ab336500_T001,Zm00026ab327970_T001,Zm00029ab339850_T001,Zm00021ab329880_T001,Zm00041ab337610_T001,Zm00037ab328600_T001,Zm00018ab340020_T001
pan_gene_78361,Zm00030ab326440_T002,Zm00001eb324240_T001,Zm00042ab339680_T001,Zm00031ab337640_T001,Zm00033ab343960_T002,Zm00035ab337490_T001,Zm00038ab331950_T001,Zm00039ab331000_T001,Zm00032ab339290_T002,Zm00034ab346790_T001,Zm00036ab334260_T001,Zm00027ab329110_T001,Zm00028ab332850_T001,Zm00040ab345380_T001,Zm00019ab312400_T001,Zm00020ab328760_T001,Zm00030ab326440_T002,Zm00022ab330210_T001,Zm00023ab333700_T002,Zm00024ab331170_T001,Zm00025ab336500_T001,Zm00026ab327970_T001,Zm00029ab339850_T001,Zm00021ab329880_T001,Zm00041ab337610_T001,Zm00037ab328600_T001,Zm00018ab340020_T001
pan_gene_81120,Zm00031ab337640_T001,Zm00001eb324240_T001,Zm00042ab339680_T001,Zm00031ab337640_T001,Zm00033ab343960_T002,Zm00035ab337490_T001,Zm00038ab331950_T001,Zm00039ab331000_T001,Zm00032ab339290_T002,Zm00034ab346790_T001,Zm00036ab334260_T001,Zm00027ab329110_T001,Zm00028ab332850_T001,Zm00040ab345380_T001,Zm00019ab312400_T001,Zm00020ab328760_T001,Zm00030ab326440_T002,Zm00022ab330210_T001,Zm00023ab333700_T002,Zm00024ab331170_T001,Zm00025ab336500_T001,Zm00026ab327970_T001,Zm00029ab339850_T001,Zm00021ab329880_T001,Zm00041ab337610_T001,Zm00037ab328600_T001,Zm00018ab340020_T001
pan_gene_83457,Zm00032ab339290_T002,Zm00001eb324240_T001,Zm00042ab339680_T001,Zm00031ab337640_T001,Zm00033ab343960_T002,Zm00035ab337490_T001,Zm00038ab331950_T001,Zm00039ab331000_T001,Zm00032ab339290_T002,Zm00034ab346790_T001,Zm00036ab334260_T001,Zm00027ab329110_T001,Zm00028ab332850_T001,Zm00040ab345380_T001,Zm00019ab312400_T001,Zm00020ab328760_T001,Zm00030ab326440_T002,Zm00022ab330210_T001,Zm00023ab333700_T002,Zm00024ab331170_T001,Zm00025ab336500_T001,Zm00026ab327970_T001,Zm00029ab339850_T001,Zm00021ab329880_T001,Zm00041ab337610_T001,Zm00037ab328600_T001,Zm00018ab340020_T001
pan_gene_86243,Zm00033ab343960_T002,Zm00001eb324240_T001,Zm00042ab339680_T001,Zm00031ab337640_T001,Zm00033ab343960_T002,Zm00035ab337490_T001,Zm00038ab331950_T001,Zm00039ab331000_T001,Zm00032ab339290_T002,Zm00034ab346790_T001,Zm00036ab334260_T001,Zm00027ab329110_T001,Zm00028ab332850_T001,Zm00040ab345380_T001,Zm00019ab312400_T001,Zm00020ab328760_T001,Zm00030ab326440_T002,Zm00022ab330210_T001,Zm00023ab333700_T002,Zm00024ab331170_T001,Zm00025ab336500_T001,Zm00026ab327970_T001,Zm00029ab339850_T001,Zm00021ab329880_T001,Zm00041ab337610_T001,Zm00037ab328600_T001,Zm00018ab340020_T001
pan_gene_88293,Zm00034ab346790_T001,Zm00001eb324240_T001,Zm00042ab339680_T001,Zm00031ab337640_T001,Zm00033ab343960_T002,Zm00035ab337490_T001,Zm00038ab331950_T001,Zm00039ab331000_T001,Zm00032ab339290_T002,Zm00034ab346790_T001,Zm00036ab334260_T001,Zm00027ab329110_T001,Zm00028ab332850_T001,Zm00040ab345380_T001,Zm00019ab312400_T001,Zm00020ab328760_T001,Zm00030ab326440_T002,Zm00022ab330210_T001,Zm00023ab333700_T002,Zm00024ab331170_T001,Zm00025ab336500_T001,Zm00026ab327970_T001,Zm00029ab339850_T001,Zm00021ab329880_T001,Zm00041ab337610_T001,Zm00037ab328600_T001,Zm00018ab340020_T001
pan_gene_90435,Zm00035ab337490_T001,Zm00001eb324240_T001,Zm00042ab339680_T001,Zm00031ab337640_T001,Zm00033ab343960_T002,Zm00035ab337490_T001,Zm00038ab331950_T001,Zm00039ab331000_T001,Zm00032ab339290_T002,Zm00034ab346790_T001,Zm00036ab334260_T001,Zm00027ab329110_T001,Zm00028ab332850_T001,Zm00040ab345380_T001,Zm00019ab312400_T001,Zm00020ab328760_T001,Zm00030ab326440_T002,Zm00022ab330210_T001,Zm00023ab333700_T002,Zm00024ab331170_T001,Zm00025ab336500_T001,Zm00026ab327970_T001,Zm00029ab339850_T001,Zm00021ab329880_T001,Zm00041ab337610_T001,Zm00037ab328600_T001,Zm00018ab340020_T001
pan_gene_92917,Zm00037ab328600_T001,Zm00001eb324240_T001,Zm00042ab339680_T001,Zm00031ab337640_T001,Zm00033ab343960_T002,Zm00035ab337490_T001,Zm00038ab331950_T001,Zm00039ab331000_T001,Zm00032ab339290_T002,Zm00034ab346790_T001,Zm00036ab334260_T001,Zm00027ab329110_T001,Zm00028ab332850_T001,Zm00040ab345380_T001,Zm00019ab312400_T001,Zm00020ab328760_T001,Zm00030ab326440_T002,Zm00022ab330210_T001,Zm00023ab333700_T002,Zm00024ab331170_T001,Zm00025ab336500_T001,Zm00026ab327970_T001,Zm00029ab339850_T001,Zm00021ab329880_T001,Zm00041ab337610_T001,Zm00037ab328600_T001,Zm00018ab340020_T001
pan_gene_94488,Zm00038ab331950_T001,Zm00001eb324240_T001,Zm00042ab339680_T001,Zm00031ab337640_T001,Zm00033ab343960_T002,Zm00035ab337490_T001,Zm00038ab331950_T001,Zm00039ab331000_T001,Zm00032ab339290_T002,Zm00034ab346790_T001,Zm00036ab334260_T001,Zm00027ab329110_T001,Zm00028ab332850_T001,Zm00040ab345380_T001,Zm00019ab312400_T001,Zm00020ab328760_T001,Zm00030ab326440_T002,Zm00022ab330210_T001,Zm00023ab333700_T002,Zm00024ab331170_T001,Zm00025ab336500_T001,Zm00026ab327970_T001,Zm00029ab339850_T001,Zm00021ab329880_T001,Zm00041ab337610_T001,Zm00037ab328600_T001,Zm00018ab340020_T001
pan_gene_96197,Zm00039ab331000_T001,Zm00001eb324240_T001,Zm00042ab339680_T001,Zm00031ab337640_T001,Zm00033ab343960_T002,Zm00035ab337490_T001,Zm00038ab331950_T001,Zm00039ab331000_T001,Zm00032ab339290_T002,Zm00034ab346790_T001,Zm00036ab334260_T001,Zm00027ab329110_T001,Zm00028ab332850_T001,Zm00040ab345380_T001,Zm00019ab312400_T001,Zm00020ab328760_T001,Zm00030ab326440_T002,Zm00022ab330210_T001,Zm00023ab333700_T002,Zm00024ab331170_T001,Zm00025ab336500_T001,Zm00026ab327970_T001,Zm00029ab339850_T001,Zm00021ab329880_T001,Zm00041ab337610_T001,Zm00037ab328600_T001,Zm00018ab340020_T001
pan_gene_97764,Zm00040ab345380_T001,Zm00001eb324240_T001,Zm00042ab339680_T001,Zm00031ab337640_T001,Zm00033ab343960_T002,Zm00035ab337490_T001,Zm00038ab331950_T001,Zm00039ab331000_T001,Zm00032ab339290_T002,Zm00034ab346790_T001,Zm00036ab334260_T001,Zm00027ab329110_T001,Zm00028ab332850_T001,Zm00040ab345380_T001,Zm00019ab312400_T001,Zm00020ab328760_T001,Zm00030ab326440_T002,Zm00022ab330210_T001,Zm00023ab333700_T002,Zm00024ab331170_T001,Zm00025ab336500_T001,Zm00026ab327970_T001,Zm00029ab339850_T001,Zm00021ab329880_T001,Zm00041ab337610_T001,Zm00037ab328600_T001,Zm00018ab340020_T001
pan_gene_98823,Zm00041ab337610_T001,Zm00001eb324240_T001,Zm00042ab339680_T001,Zm00031ab337640_T001,Zm00033ab343960_T002,Zm00035ab337490_T001,Zm00038ab331950_T001,Zm00039ab331000_T001,Zm00032ab339290_T002,Zm00034ab346790_T001,Zm00036ab334260_T001,Zm00027ab329110_T001,Zm00028ab332850_T001,Zm00040ab345380_T001,Zm00019ab312400_T001,Zm00020ab328760_T001,Zm00030ab326440_T002,Zm00022ab330210_T001,Zm00023ab333700_T002,Zm00024ab331170_T001,Zm00025ab336500_T001,Zm00026ab327970_T001,Zm00029ab339850_T001,Zm00021ab329880_T001,Zm00041ab337610_T001,Zm00037ab328600_T001,Zm00018ab340020_T001
pan_gene_102491,Zm00042ab339680_T001,Zm00001eb324240_T001,Zm00042ab339680_T001,Zm00031ab337640_T001,Zm00033ab343960_T002,Zm00035ab337490_T001,Zm00038ab331950_T001,Zm00039ab331000_T001,Zm00032ab339290_T002,Zm00034ab346790_T001,Zm00036ab334260_T001,Zm00027ab329110_T001,Zm00028ab332850_T001,Zm00040ab345380_T001,Zm00019ab312400_T001,Zm00020ab328760_T001,Zm00030ab326440_T002,Zm00022ab330210_T001,Zm00023ab333700_T002,Zm00024ab331170_T001,Zm00025ab336500_T001,Zm00026ab327970_T001,Zm00029ab339850_T001,Zm00021ab329880_T001,Zm00041ab337610_T001,Zm00037ab328600_T001,Zm00018ab340020_T001
,,,,,,,,,,,,,,,,,,,,,,,,,,,
,,,,,,,,,,,,,,,,,,,,,,,,,,,
pan_gene_65266,Zm00018ab007630_T002,Zm00001eb007280_T002,Zm00042ab007900_T001,Zm00031ab007710_T002,Zm00033ab008220_T003,Zm00035ab007750_T001,Zm00038ab007700_T001,Zm00039ab007590_T002,Zm00032ab007840_T001,Zm00034ab007960_T002,Zm00036ab007910_T003,Zm00027ab007860_T001,Zm00028ab007530_T001,Zm00040ab007870_T002,Zm00019ab007960_T001,Zm00020ab007820_T001,Zm00030ab007760_T001,Zm00022ab007420_T001,Zm00023ab008520_T001,Zm00024ab007650_T001,Zm00025ab007990_T001,Zm00026ab007480_T001,Zm00029ab007780_T001,Zm00021ab007760_T005,Zm00041ab008130_T001,Zm00037ab007660_T003,Zm00018ab007630_T002
pan_gene_66121,Zm00019ab007960_T001,Zm00001eb007280_T002,Zm00042ab007900_T001,Zm00031ab007710_T002,Zm00033ab008220_T003,Zm00035ab007750_T001,Zm00038ab007700_T001,Zm00039ab007590_T002,Zm00032ab007840_T001,Zm00034ab007960_T002,Zm00036ab007910_T003,Zm00027ab007860_T001,Zm00028ab007530_T001,Zm00040ab007870_T002,Zm00019ab007960_T001,Zm00020ab007820_T001,Zm00030ab007760_T001,Zm00022ab007420_T001,Zm00023ab008520_T001,Zm00024ab007650_T001,Zm00025ab007990_T001,Zm00026ab007480_T001,Zm00029ab007780_T001,Zm00021ab007760_T005,Zm00041ab008130_T001,Zm00037ab007660_T003,Zm00018ab007630_T002
pan_gene_67073,Zm00020ab007820_T001,Zm00001eb007280_T002,Zm00042ab007900_T001,Zm00031ab007710_T002,Zm00033ab008220_T003,Zm00035ab007750_T001,Zm00038ab007700_T001,Zm00039ab007590_T002,Zm00032ab007840_T001,Zm00034ab007960_T002,Zm00036ab007910_T003,Zm00027ab007860_T001,Zm00028ab007530_T001,Zm00040ab007870_T002,Zm00019ab007960_T001,Zm00020ab007820_T001,Zm00030ab007760_T001,Zm00022ab007420_T001,Zm00023ab008520_T001,Zm00024ab007650_T001,Zm00025ab007990_T001,Zm00026ab007480_T001,Zm00029ab007780_T001,Zm00021ab007760_T005,Zm00041ab008130_T001,Zm00037ab007660_T003,Zm00018ab007630_T002
pan_gene_68217,Zm00021ab007760_T005,Zm00001eb007280_T002,Zm00042ab007900_T001,Zm00031ab007710_T002,Zm00033ab008220_T003,Zm00035ab007750_T001,Zm00038ab007700_T001,Zm00039ab007590_T002,Zm00032ab007840_T001,Zm00034ab007960_T002,Zm00036ab007910_T003,Zm00027ab007860_T001,Zm00028ab007530_T001,Zm00040ab007870_T002,Zm00019ab007960_T001,Zm00020ab007820_T001,Zm00030ab007760_T001,Zm00022ab007420_T001,Zm00023ab008520_T001,Zm00024ab007650_T001,Zm00025ab007990_T001,Zm00026ab007480_T001,Zm00029ab007780_T001,Zm00021ab007760_T005,Zm00041ab008130_T001,Zm00037ab007660_T003,Zm00018ab007630_T002
pan_gene_69008,Zm00022ab007420_T001,Zm00001eb007280_T002,Zm00042ab007900_T001,Zm00031ab007710_T002,Zm00033ab008220_T003,Zm00035ab007750_T001,Zm00038ab007700_T001,Zm00039ab007590_T002,Zm00032ab007840_T001,Zm00034ab007960_T002,Zm00036ab007910_T003,Zm00027ab007860_T001,Zm00028ab007530_T001,Zm00040ab007870_T002,Zm00019ab007960_T001,Zm00020ab007820_T001,Zm00030ab007760_T001,Zm00022ab007420_T001,Zm00023ab008520_T001,Zm00024ab007650_T001,Zm00025ab007990_T001,Zm00026ab007480_T001,Zm00029ab007780_T001,Zm00021ab007760_T005,Zm00041ab008130_T001,Zm00037ab007660_T003,Zm00018ab007630_T002
pan_gene_70069,Zm00023ab008520_T001,Zm00001eb007280_T002,Zm00042ab007900_T001,Zm00031ab007710_T002,Zm00033ab008220_T003,Zm00035ab007750_T001,Zm00038ab007700_T001,Zm00039ab007590_T002,Zm00032ab007840_T001,Zm00034ab007960_T002,Zm00036ab007910_T003,Zm00027ab007860_T001,Zm00028ab007530_T001,Zm00040ab007870_T002,Zm00019ab007960_T001,Zm00020ab007820_T001,Zm00030ab007760_T001,Zm00022ab007420_T001,Zm00023ab008520_T001,Zm00024ab007650_T001,Zm00025ab007990_T001,Zm00026ab007480_T001,Zm00029ab007780_T001,Zm00021ab007760_T005,Zm00041ab008130_T001,Zm00037ab007660_T003,Zm00018ab007630_T002
pan_gene_71008,Zm00024ab007650_T001,Zm00001eb007280_T002,Zm00042ab007900_T001,Zm00031ab007710_T002,Zm00033ab008220_T003,Zm00035ab007750_T001,Zm00038ab007700_T001,Zm00039ab007590_T002,Zm00032ab007840_T001,Zm00034ab007960_T002,Zm00036ab007910_T003,Zm00027ab007860_T001,Zm00028ab007530_T001,Zm00040ab007870_T002,Zm00019ab007960_T001,Zm00020ab007820_T001,Zm00030ab007760_T001,Zm00022ab007420_T001,Zm00023ab008520_T001,Zm00024ab007650_T001,Zm00025ab007990_T001,Zm00026ab007480_T001,Zm00029ab007780_T001,Zm00021ab007760_T005,Zm00041ab008130_T001,Zm00037ab007660_T003,Zm00018ab007630_T002
pan_gene_72043,Zm00025ab007990_T001,Zm00001eb007280_T002,Zm00042ab007900_T001,Zm00031ab007710_T002,Zm00033ab008220_T003,Zm00035ab007750_T001,Zm00038ab007700_T001,Zm00039ab007590_T002,Zm00032ab007840_T001,Zm00034ab007960_T002,Zm00036ab007910_T003,Zm00027ab007860_T001,Zm00028ab007530_T001,Zm00040ab007870_T002,Zm00019ab007960_T001,Zm00020ab007820_T001,Zm00030ab007760_T001,Zm00022ab007420_T001,Zm00023ab008520_T001,Zm00024ab007650_T001,Zm00025ab007990_T001,Zm00026ab007480_T001,Zm00029ab007780_T001,Zm00021ab007760_T005,Zm00041ab008130_T001,Zm00037ab007660_T003,Zm00018ab007630_T002
pan_gene_73042,Zm00026ab007480_T001,Zm00001eb007280_T002,Zm00042ab007900_T001,Zm00031ab007710_T002,Zm00033ab008220_T003,Zm00035ab007750_T001,Zm00038ab007700_T001,Zm00039ab007590_T002,Zm00032ab007840_T001,Zm00034ab007960_T002,Zm00036ab007910_T003,Zm00027ab007860_T001,Zm00028ab007530_T001,Zm00040ab007870_T002,Zm00019ab007960_T001,Zm00020ab007820_T001,Zm00030ab007760_T001,Zm00022ab007420_T001,Zm00023ab008520_T001,Zm00024ab007650_T001,Zm00025ab007990_T001,Zm00026ab007480_T001,Zm00029ab007780_T001,Zm00021ab007760_T005,Zm00041ab008130_T001,Zm00037ab007660_T003,Zm00018ab007630_T002
pan_gene_73943,Zm00027ab007860_T001,Zm00001eb007280_T002,Zm00042ab007900_T001,Zm00031ab007710_T002,Zm00033ab008220_T003,Zm00035ab007750_T001,Zm00038ab007700_T001,Zm00039ab007590_T002,Zm00032ab007840_T001,Zm00034ab007960_T002,Zm00036ab007910_T003,Zm00027ab007860_T001,Zm00028ab007530_T001,Zm00040ab007870_T002,Zm00019ab007960_T001,Zm00020ab007820_T001,Zm00030ab007760_T001,Zm00022ab007420_T001,Zm00023ab008520_T001,Zm00024ab007650_T001,Zm00025ab007990_T001,Zm00026ab007480_T001,Zm00029ab007780_T001,Zm00021ab007760_T005,Zm00041ab008130_T001,Zm00037ab007660_T003,Zm00018ab007630_T002
pan_gene_75256,Zm00028ab007530_T001,Zm00001eb007280_T002,Zm00042ab007900_T001,Zm00031ab007710_T002,Zm00033ab008220_T003,Zm00035ab007750_T001,Zm00038ab007700_T001,Zm00039ab007590_T002,Zm00032ab007840_T001,Zm00034ab007960_T002,Zm00036ab007910_T003,Zm00027ab007860_T001,Zm00028ab007530_T001,Zm00040ab007870_T002,Zm00019ab007960_T001,Zm00020ab007820_T001,Zm00030ab007760_T001,Zm00022ab007420_T001,Zm00023ab008520_T001,Zm00024ab007650_T001,Zm00025ab007990_T001,Zm00026ab007480_T001,Zm00029ab007780_T001,Zm00021ab007760_T005,Zm00041ab008130_T001,Zm00037ab007660_T003,Zm00018ab007630_T002
pan_gene_76733,Zm00029ab007780_T001,Zm00001eb007280_T002,Zm00042ab007900_T001,Zm00031ab007710_T002,Zm00033ab008220_T003,Zm00035ab007750_T001,Zm00038ab007700_T001,Zm00039ab007590_T002,Zm00032ab007840_T001,Zm00034ab007960_T002,Zm00036ab007910_T003,Zm00027ab007860_T001,Zm00028ab007530_T001,Zm00040ab007870_T002,Zm00019ab007960_T001,Zm00020ab007820_T001,Zm00030ab007760_T001,Zm00022ab007420_T001,Zm00023ab008520_T001,Zm00024ab007650_T001,Zm00025ab007990_T001,Zm00026ab007480_T001,Zm00029ab007780_T001,Zm00021ab007760_T005,Zm00041ab008130_T001,Zm00037ab007660_T003,Zm00018ab007630_T002
pan_gene_77642,Zm00030ab007760_T001,Zm00001eb007280_T002,Zm00042ab007900_T001,Zm00031ab007710_T002,Zm00033ab008220_T003,Zm00035ab007750_T001,Zm00038ab007700_T001,Zm00039ab007590_T002,Zm00032ab007840_T001,Zm00034ab007960_T002,Zm00036ab007910_T003,Zm00027ab007860_T001,Zm00028ab007530_T001,Zm00040ab007870_T002,Zm00019ab007960_T001,Zm00020ab007820_T001,Zm00030ab007760_T001,Zm00022ab007420_T001,Zm00023ab008520_T001,Zm00024ab007650_T001,Zm00025ab007990_T001,Zm00026ab007480_T001,Zm00029ab007780_T001,Zm00021ab007760_T005,Zm00041ab008130_T001,Zm00037ab007660_T003,Zm00018ab007630_T002
pan_gene_78675,Zm00031ab007710_T002,Zm00001eb007280_T002,Zm00042ab007900_T001,Zm00031ab007710_T002,Zm00033ab008220_T003,Zm00035ab007750_T001,Zm00038ab007700_T001,Zm00039ab007590_T002,Zm00032ab007840_T001,Zm00034ab007960_T002,Zm00036ab007910_T003,Zm00027ab007860_T001,Zm00028ab007530_T001,Zm00040ab007870_T002,Zm00019ab007960_T001,Zm00020ab007820_T001,Zm00030ab007760_T001,Zm00022ab007420_T001,Zm00023ab008520_T001,Zm00024ab007650_T001,Zm00025ab007990_T001,Zm00026ab007480_T001,Zm00029ab007780_T001,Zm00021ab007760_T005,Zm00041ab008130_T001,Zm00037ab007660_T003,Zm00018ab007630_T002
pan_gene_81988,Zm00032ab007840_T001,Zm00001eb007280_T002,Zm00042ab007900_T001,Zm00031ab007710_T002,Zm00033ab008220_T003,Zm00035ab007750_T001,Zm00038ab007700_T001,Zm00039ab007590_T002,Zm00032ab007840_T001,Zm00034ab007960_T002,Zm00036ab007910_T003,Zm00027ab007860_T001,Zm00028ab007530_T001,Zm00040ab007870_T002,Zm00019ab007960_T001,Zm00020ab007820_T001,Zm00030ab007760_T001,Zm00022ab007420_T001,Zm00023ab008520_T001,Zm00024ab007650_T001,Zm00025ab007990_T001,Zm00026ab007480_T001,Zm00029ab007780_T001,Zm00021ab007760_T005,Zm00041ab008130_T001,Zm00037ab007660_T003,Zm00018ab007630_T002
pan_gene_83957,Zm00033ab008220_T003,Zm00001eb007280_T002,Zm00042ab007900_T001,Zm00031ab007710_T002,Zm00033ab008220_T003,Zm00035ab007750_T001,Zm00038ab007700_T001,Zm00039ab007590_T002,Zm00032ab007840_T001,Zm00034ab007960_T002,Zm00036ab007910_T003,Zm00027ab007860_T001,Zm00028ab007530_T001,Zm00040ab007870_T002,Zm00019ab007960_T001,Zm00020ab007820_T001,Zm00030ab007760_T001,Zm00022ab007420_T001,Zm00023ab008520_T001,Zm00024ab007650_T001,Zm00025ab007990_T001,Zm00026ab007480_T001,Zm00029ab007780_T001,Zm00021ab007760_T005,Zm00041ab008130_T001,Zm00037ab007660_T003,Zm00018ab007630_T002
pan_gene_87008,Zm00034ab007960_T002,Zm00001eb007280_T002,Zm00042ab007900_T001,Zm00031ab007710_T002,Zm00033ab008220_T003,Zm00035ab007750_T001,Zm00038ab007700_T001,Zm00039ab007590_T002,Zm00032ab007840_T001,Zm00034ab007960_T002,Zm00036ab007910_T003,Zm00027ab007860_T001,Zm00028ab007530_T001,Zm00040ab007870_T002,Zm00019ab007960_T001,Zm00020ab007820_T001,Zm00030ab007760_T001,Zm00022ab007420_T001,Zm00023ab008520_T001,Zm00024ab007650_T001,Zm00025ab007990_T001,Zm00026ab007480_T001,Zm00029ab007780_T001,Zm00021ab007760_T005,Zm00041ab008130_T001,Zm00037ab007660_T003,Zm00018ab007630_T002
pan_gene_88737,Zm00035ab007750_T001,Zm00001eb007280_T002,Zm00042ab007900_T001,Zm00031ab007710_T002,Zm00033ab008220_T003,Zm00035ab007750_T001,Zm00038ab007700_T001,Zm00039ab007590_T002,Zm00032ab007840_T001,Zm00034ab007960_T002,Zm00036ab007910_T003,Zm00027ab007860_T001,Zm00028ab007530_T001,Zm00040ab007870_T002,Zm00019ab007960_T001,Zm00020ab007820_T001,Zm00030ab007760_T001,Zm00022ab007420_T001,Zm00023ab008520_T001,Zm00024ab007650_T001,Zm00025ab007990_T001,Zm00026ab007480_T001,Zm00029ab007780_T001,Zm00021ab007760_T005,Zm00041ab008130_T001,Zm00037ab007660_T003,Zm00018ab007630_T002
pan_gene_91064,Zm00036ab007910_T003,Zm00001eb007280_T002,Zm00042ab007900_T001,Zm00031ab007710_T002,Zm00033ab008220_T003,Zm00035ab007750_T001,Zm00038ab007700_T001,Zm00039ab007590_T002,Zm00032ab007840_T001,Zm00034ab007960_T002,Zm00036ab007910_T003,Zm00027ab007860_T001,Zm00028ab007530_T001,Zm00040ab007870_T002,Zm00019ab007960_T001,Zm00020ab007820_T001,Zm00030ab007760_T001,Zm00022ab007420_T001,Zm00023ab008520_T001,Zm00024ab007650_T001,Zm00025ab007990_T001,Zm00026ab007480_T001,Zm00029ab007780_T001,Zm00021ab007760_T005,Zm00041ab008130_T001,Zm00037ab007660_T003,Zm00018ab007630_T002
pan_gene_92422,Zm00037ab007660_T003,Zm00001eb007280_T002,Zm00042ab007900_T001,Zm00031ab007710_T002,Zm00033ab008220_T003,Zm00035ab007750_T001,Zm00038ab007700_T001,Zm00039ab007590_T002,Zm00032ab007840_T001,Zm00034ab007960_T002,Zm00036ab007910_T003,Zm00027ab007860_T001,Zm00028ab007530_T001,Zm00040ab007870_T002,Zm00019ab007960_T001,Zm00020ab007820_T001,Zm00030ab007760_T001,Zm00022ab007420_T001,Zm00023ab008520_T001,Zm00024ab007650_T001,Zm00025ab007990_T001,Zm00026ab007480_T001,Zm00029ab007780_T001,Zm00021ab007760_T005,Zm00041ab008130_T001,Zm00037ab007660_T003,Zm00018ab007630_T002
pan_gene_93087,Zm00038ab007700_T001,Zm00001eb007280_T002,Zm00042ab007900_T001,Zm00031ab007710_T002,Zm00033ab008220_T003,Zm00035ab007750_T001,Zm00038ab007700_T001,Zm00039ab007590_T002,Zm00032ab007840_T001,Zm00034ab007960_T002,Zm00036ab007910_T003,Zm00027ab007860_T001,Zm00028ab007530_T001,Zm00040ab007870_T002,Zm00019ab007960_T001,Zm00020ab007820_T001,Zm00030ab007760_T001,Zm00022ab007420_T001,Zm00023ab008520_T001,Zm00024ab007650_T001,Zm00025ab007990_T001,Zm00026ab007480_T001,Zm00029ab007780_T001,Zm00021ab007760_T005,Zm00041ab008130_T001,Zm00037ab007660_T003,Zm00018ab007630_T002
pan_gene_94921,Zm00039ab007590_T002,Zm00001eb007280_T002,Zm00042ab007900_T001,Zm00031ab007710_T002,Zm00033ab008220_T003,Zm00035ab007750_T001,Zm00038ab007700_T001,Zm00039ab007590_T002,Zm00032ab007840_T001,Zm00034ab007960_T002,Zm00036ab007910_T003,Zm00027ab007860_T001,Zm00028ab007530_T001,Zm00040ab007870_T002,Zm00019ab007960_T001,Zm00020ab007820_T001,Zm00030ab007760_T001,Zm00022ab007420_T001,Zm00023ab008520_T001,Zm00024ab007650_T001,Zm00025ab007990_T001,Zm00026ab007480_T001,Zm00029ab007780_T001,Zm00021ab007760_T005,Zm00041ab008130_T001,Zm00037ab007660_T003,Zm00018ab007630_T002
pan_gene_96630,Zm00040ab007870_T002,Zm00001eb007280_T002,Zm00042ab007900_T001,Zm00031ab007710_T002,Zm00033ab008220_T003,Zm00035ab007750_T001,Zm00038ab007700_T001,Zm00039ab007590_T002,Zm00032ab007840_T001,Zm00034ab007960_T002,Zm00036ab007910_T003,Zm00027ab007860_T001,Zm00028ab007530_T001,Zm00040ab007870_T002,Zm00019ab007960_T001,Zm00020ab007820_T001,Zm00030ab007760_T001,Zm00022ab007420_T001,Zm00023ab008520_T001,Zm00024ab007650_T001,Zm00025ab007990_T001,Zm00026ab007480_T001,Zm00029ab007780_T001,Zm00021ab007760_T005,Zm00041ab008130_T001,Zm00037ab007660_T003,Zm00018ab007630_T002
pan_gene_98139,Zm00041ab008130_T001,Zm00001eb007280_T002,Zm00042ab007900_T001,Zm00031ab007710_T002,Zm00033ab008220_T003,Zm00035ab007750_T001,Zm00038ab007700_T001,Zm00039ab007590_T002,Zm00032ab007840_T001,Zm00034ab007960_T002,Zm00036ab007910_T003,Zm00027ab007860_T001,Zm00028ab007530_T001,Zm00040ab007870_T002,Zm00019ab007960_T001,Zm00020ab007820_T001,Zm00030ab007760_T001,Zm00022ab007420_T001,Zm00023ab008520_T001,Zm00024ab007650_T001,Zm00025ab007990_T001,Zm00026ab007480_T001,Zm00029ab007780_T001,Zm00021ab007760_T005,Zm00041ab008130_T001,Zm00037ab007660_T003,Zm00018ab007630_T002
pan_gene_99131,Zm00042ab007900_T001,Zm00001eb007280_T002,Zm00042ab007900_T001,Zm00031ab007710_T002,Zm00033ab008220_T003,Zm00035ab007750_T001,Zm00038ab007700_T001,Zm00039ab007590_T002,Zm00032ab007840_T001,Zm00034ab007960_T002,Zm00036ab007910_T003,Zm00027ab007860_T001,Zm00028ab007530_T001,Zm00040ab007870_T002,Zm00019ab007960_T001,Zm00020ab007820_T001,Zm00030ab007760_T001,Zm00022ab007420_T001,Zm00023ab008520_T001,Zm00024ab007650_T001,Zm00025ab007990_T001,Zm00026ab007480_T001,Zm00029ab007780_T001,Zm00021ab007760_T005,Zm00041ab008130_T001,Zm00037ab007660_T003,Zm00018ab007630_T002
,,,,,,,,,,,,,,,,,,,,,,,,,,,
,,,,,,,,,,,,,,,,,,,,,,,,,,,
,,,,,,,,,,,,,,,,,,,,,,,,,,,
pan_gene_65267,Zm00018ab007840_T004,Zm00001eb007510_T001,Zm00042ab008080_T002,Zm00031ab007900_T003,Zm00033ab008400_T004,Zm00035ab007980_T002,Zm00038ab007900_T003,gmap_ID=chr1:23155492-23158941,gmap_ID=chr1:22223187-22226636,Zm00034ab008150_T004,Zm00036ab008100_T002,Zm00027ab008000_T005,Zm00028ab007750_T002,Zm00040ab008050_T003,Zm00019ab008130_T002,Zm00020ab008030_T004,Zm00030ab007950_T003,Zm00022ab007600_T001,Zm00023ab008690_T002,Zm00024ab007900_T002,Zm00025ab008150_T004,Zm00026ab007650_T003,Zm00029ab008000_T002,Zm00021ab007950_T002,Zm00041ab008350_T002,Zm00037ab007820_T004,Zm00018ab007840_T004
pan_gene_66122,Zm00019ab008130_T002,Zm00001eb007510_T001,Zm00042ab008080_T002,Zm00031ab007900_T003,Zm00033ab008400_T004,Zm00035ab007980_T002,Zm00038ab007900_T003,gmap_ID=chr1:23155492-23158941,gmap_ID=chr1:22223187-22226636,Zm00034ab008150_T004,Zm00036ab008100_T002,Zm00027ab008000_T005,Zm00028ab007750_T002,Zm00040ab008050_T003,Zm00019ab008130_T002,Zm00020ab008030_T004,Zm00030ab007950_T003,Zm00022ab007600_T001,Zm00023ab008690_T002,Zm00024ab007900_T002,Zm00025ab008150_T004,Zm00026ab007650_T003,Zm00029ab008000_T002,Zm00021ab007950_T002,Zm00041ab008350_T002,Zm00037ab007820_T004,Zm00018ab007840_T004
pan_gene_67074,Zm00020ab008030_T004,Zm00001eb007510_T001,Zm00042ab008080_T002,Zm00031ab007900_T003,Zm00033ab008400_T004,Zm00035ab007980_T002,Zm00038ab007900_T003,gmap_ID=chr1:23155492-23158941,gmap_ID=chr1:22223187-22226636,Zm00034ab008150_T004,Zm00036ab008100_T002,Zm00027ab008000_T005,Zm00028ab007750_T002,Zm00040ab008050_T003,Zm00019ab008130_T002,Zm00020ab008030_T004,Zm00030ab007950_T003,Zm00022ab007600_T001,Zm00023ab008690_T002,Zm00024ab007900_T002,Zm00025ab008150_T004,Zm00026ab007650_T003,Zm00029ab008000_T002,Zm00021ab007950_T002,Zm00041ab008350_T002,Zm00037ab007820_T004,Zm00018ab007840_T004
pan_gene_68218,Zm00021ab007950_T002,Zm00001eb007510_T001,Zm00042ab008080_T002,Zm00031ab007900_T003,Zm00033ab008400_T004,Zm00035ab007980_T002,Zm00038ab007900_T003,gmap_ID=chr1:23155492-23158941,gmap_ID=chr1:22223187-22226636,Zm00034ab008150_T004,Zm00036ab008100_T002,Zm00027ab008000_T005,Zm00028ab007750_T002,Zm00040ab008050_T003,Zm00019ab008130_T002,Zm00020ab008030_T004,Zm00030ab007950_T003,Zm00022ab007600_T001,Zm00023ab008690_T002,Zm00024ab007900_T002,Zm00025ab008150_T004,Zm00026ab007650_T003,Zm00029ab008000_T002,Zm00021ab007950_T002,Zm00041ab008350_T002,Zm00037ab007820_T004,Zm00018ab007840_T004
pan_gene_69011,Zm00022ab007600_T001,Zm00001eb007510_T001,Zm00042ab008080_T002,Zm00031ab007900_T003,Zm00033ab008400_T004,Zm00035ab007980_T002,Zm00038ab007900_T003,gmap_ID=chr1:23155492-23158941,gmap_ID=chr1:22223187-22226636,Zm00034ab008150_T004,Zm00036ab008100_T002,Zm00027ab008000_T005,Zm00028ab007750_T002,Zm00040ab008050_T003,Zm00019ab008130_T002,Zm00020ab008030_T004,Zm00030ab007950_T003,Zm00022ab007600_T001,Zm00023ab008690_T002,Zm00024ab007900_T002,Zm00025ab008150_T004,Zm00026ab007650_T003,Zm00029ab008000_T002,Zm00021ab007950_T002,Zm00041ab008350_T002,Zm00037ab007820_T004,Zm00018ab007840_T004
pan_gene_70070,Zm00023ab008690_T002,Zm00001eb007510_T001,Zm00042ab008080_T002,Zm00031ab007900_T003,Zm00033ab008400_T004,Zm00035ab007980_T002,Zm00038ab007900_T003,gmap_ID=chr1:23155492-23158941,gmap_ID=chr1:22223187-22226636,Zm00034ab008150_T004,Zm00036ab008100_T002,Zm00027ab008000_T005,Zm00028ab007750_T002,Zm00040ab008050_T003,Zm00019ab008130_T002,Zm00020ab008030_T004,Zm00030ab007950_T003,Zm00022ab007600_T001,Zm00023ab008690_T002,Zm00024ab007900_T002,Zm00025ab008150_T004,Zm00026ab007650_T003,Zm00029ab008000_T002,Zm00021ab007950_T002,Zm00041ab008350_T002,Zm00037ab007820_T004,Zm00018ab007840_T004
pan_gene_71009,Zm00024ab007900_T002,Zm00001eb007510_T001,Zm00042ab008080_T002,Zm00031ab007900_T003,Zm00033ab008400_T004,Zm00035ab007980_T002,Zm00038ab007900_T003,gmap_ID=chr1:23155492-23158941,gmap_ID=chr1:22223187-22226636,Zm00034ab008150_T004,Zm00036ab008100_T002,Zm00027ab008000_T005,Zm00028ab007750_T002,Zm00040ab008050_T003,Zm00019ab008130_T002,Zm00020ab008030_T004,Zm00030ab007950_T003,Zm00022ab007600_T001,Zm00023ab008690_T002,Zm00024ab007900_T002,Zm00025ab008150_T004,Zm00026ab007650_T003,Zm00029ab008000_T002,Zm00021ab007950_T002,Zm00041ab008350_T002,Zm00037ab007820_T004,Zm00018ab007840_T004
pan_gene_72044,Zm00025ab008150_T004,Zm00001eb007510_T001,Zm00042ab008080_T002,Zm00031ab007900_T003,Zm00033ab008400_T004,Zm00035ab007980_T002,Zm00038ab007900_T003,gmap_ID=chr1:23155492-23158941,gmap_ID=chr1:22223187-22226636,Zm00034ab008150_T004,Zm00036ab008100_T002,Zm00027ab008000_T005,Zm00028ab007750_T002,Zm00040ab008050_T003,Zm00019ab008130_T002,Zm00020ab008030_T004,Zm00030ab007950_T003,Zm00022ab007600_T001,Zm00023ab008690_T002,Zm00024ab007900_T002,Zm00025ab008150_T004,Zm00026ab007650_T003,Zm00029ab008000_T002,Zm00021ab007950_T002,Zm00041ab008350_T002,Zm00037ab007820_T004,Zm00018ab007840_T004
pan_gene_73043,Zm00026ab007650_T003,Zm00001eb007510_T001,Zm00042ab008080_T002,Zm00031ab007900_T003,Zm00033ab008400_T004,Zm00035ab007980_T002,Zm00038ab007900_T003,gmap_ID=chr1:23155492-23158941,gmap_ID=chr1:22223187-22226636,Zm00034ab008150_T004,Zm00036ab008100_T002,Zm00027ab008000_T005,Zm00028ab007750_T002,Zm00040ab008050_T003,Zm00019ab008130_T002,Zm00020ab008030_T004,Zm00030ab007950_T003,Zm00022ab007600_T001,Zm00023ab008690_T002,Zm00024ab007900_T002,Zm00025ab008150_T004,Zm00026ab007650_T003,Zm00029ab008000_T002,Zm00021ab007950_T002,Zm00041ab008350_T002,Zm00037ab007820_T004,Zm00018ab007840_T004
pan_gene_73944,THIS LINE HAS BEEN PUT BACK TO THE PAN MATRIX BECAUSE OF THE gmap coordinates was not replaced. It is identicial to pan_gene_75257,,,,,,,,,,,,,,,,,,,,,,,,,,
pan_gene_75257,Zm00028ab007750_T002,Zm00001eb007510_T001,Zm00042ab008080_T002,Zm00031ab007900_T003,Zm00033ab008400_T004,Zm00035ab007980_T002,Zm00038ab007900_T003,Zm00039ab007760_T002,Zm00032ab008000_T002,Zm00034ab008150_T004,Zm00036ab008100_T002,Zm00027ab008000_T005,Zm00028ab007750_T002,Zm00040ab008050_T003,Zm00019ab008130_T002,Zm00020ab008030_T004,Zm00030ab007950_T003,Zm00022ab007600_T001,Zm00023ab008690_T002,Zm00024ab007900_T002,Zm00025ab008150_T004,Zm00026ab007650_T003,Zm00029ab008000_T002,Zm00021ab007950_T002,Zm00041ab008350_T002,Zm00037ab007820_T004,Zm00018ab007840_T004
pan_gene_76734,Zm00029ab008000_T002,Zm00001eb007510_T001,Zm00042ab008080_T002,Zm00031ab007900_T003,Zm00033ab008400_T004,Zm00035ab007980_T002,Zm00038ab007900_T003,gmap_ID=chr1:23155492-23158941,gmap_ID=chr1:22223187-22226636,Zm00034ab008150_T004,Zm00036ab008100_T002,Zm00027ab008000_T005,Zm00028ab007750_T002,Zm00040ab008050_T003,Zm00019ab008130_T002,Zm00020ab008030_T004,Zm00030ab007950_T003,Zm00022ab007600_T001,Zm00023ab008690_T002,Zm00024ab007900_T002,Zm00025ab008150_T004,Zm00026ab007650_T003,Zm00029ab008000_T002,Zm00021ab007950_T002,Zm00041ab008350_T002,Zm00037ab007820_T004,Zm00018ab007840_T004
pan_gene_77643,Zm00030ab007950_T003,Zm00001eb007510_T001,Zm00042ab008080_T002,Zm00031ab007900_T003,Zm00033ab008400_T004,Zm00035ab007980_T002,Zm00038ab007900_T003,gmap_ID=chr1:23155492-23158941,gmap_ID=chr1:22223187-22226636,Zm00034ab008150_T004,Zm00036ab008100_T002,Zm00027ab008000_T005,Zm00028ab007750_T002,Zm00040ab008050_T003,Zm00019ab008130_T002,Zm00020ab008030_T004,Zm00030ab007950_T003,Zm00022ab007600_T001,Zm00023ab008690_T002,Zm00024ab007900_T002,Zm00025ab008150_T004,Zm00026ab007650_T003,Zm00029ab008000_T002,Zm00021ab007950_T002,Zm00041ab008350_T002,Zm00037ab007820_T004,Zm00018ab007840_T004
pan_gene_78676,Zm00031ab007900_T003,Zm00001eb007510_T001,Zm00042ab008080_T002,Zm00031ab007900_T003,Zm00033ab008400_T004,Zm00035ab007980_T002,Zm00038ab007900_T003,gmap_ID=chr1:23155492-23158941,gmap_ID=chr1:22223187-22226636,Zm00034ab008150_T004,Zm00036ab008100_T002,Zm00027ab008000_T005,Zm00028ab007750_T002,Zm00040ab008050_T003,Zm00019ab008130_T002,Zm00020ab008030_T004,Zm00030ab007950_T003,Zm00022ab007600_T001,Zm00023ab008690_T002,Zm00024ab007900_T002,Zm00025ab008150_T004,Zm00026ab007650_T003,Zm00029ab008000_T002,Zm00021ab007950_T002,Zm00041ab008350_T002,Zm00037ab007820_T004,Zm00018ab007840_T004
pan_gene_81990,Zm00032ab008000_T002,Zm00001eb007510_T001,Zm00042ab008080_T002,Zm00031ab007900_T003,Zm00033ab008400_T004,Zm00035ab007980_T002,Zm00038ab007900_T003,Zm00039ab007760_T002,Zm00032ab008000_T002,Zm00034ab008150_T004,Zm00036ab008100_T002,Zm00027ab008000_T005,Zm00028ab007750_T002,Zm00040ab008050_T003,Zm00019ab008130_T002,Zm00020ab008030_T004,Zm00030ab007950_T003,Zm00022ab007600_T001,Zm00023ab008690_T002,Zm00024ab007900_T002,Zm00025ab008150_T004,Zm00026ab007650_T003,Zm00029ab008000_T002,Zm00021ab007950_T002,Zm00041ab008350_T002,Zm00037ab007820_T004,Zm00018ab007840_T004
pan_gene_83958,Zm00033ab008400_T004,Zm00001eb007510_T001,Zm00042ab008080_T002,Zm00031ab007900_T003,Zm00033ab008400_T004,Zm00035ab007980_T002,Zm00038ab007900_T003,gmap_ID=chr1:23155492-23158941,gmap_ID=chr1:22223187-22226636,Zm00034ab008150_T004,Zm00036ab008100_T002,Zm00027ab008000_T005,Zm00028ab007750_T002,Zm00040ab008050_T003,Zm00019ab008130_T002,Zm00020ab008030_T004,Zm00030ab007950_T003,Zm00022ab007600_T001,Zm00023ab008690_T002,Zm00024ab007900_T002,Zm00025ab008150_T004,Zm00026ab007650_T003,Zm00029ab008000_T002,Zm00021ab007950_T002,Zm00041ab008350_T002,Zm00037ab007820_T004,Zm00018ab007840_T004
pan_gene_87009,Zm00034ab008150_T004,Zm00001eb007510_T001,Zm00042ab008080_T002,Zm00031ab007900_T003,Zm00033ab008400_T004,Zm00035ab007980_T002,Zm00038ab007900_T003,gmap_ID=chr1:23155492-23158941,gmap_ID=chr1:22223187-22226636,Zm00034ab008150_T004,Zm00036ab008100_T002,Zm00027ab008000_T005,Zm00028ab007750_T002,Zm00040ab008050_T003,Zm00019ab008130_T002,Zm00020ab008030_T004,Zm00030ab007950_T003,Zm00022ab007600_T001,Zm00023ab008690_T002,Zm00024ab007900_T002,Zm00025ab008150_T004,Zm00026ab007650_T003,Zm00029ab008000_T002,Zm00021ab007950_T002,Zm00041ab008350_T002,Zm00037ab007820_T004,Zm00018ab007840_T004
pan_gene_88740,Zm00035ab007980_T002,Zm00001eb007510_T001,Zm00042ab008080_T002,Zm00031ab007900_T003,Zm00033ab008400_T004,Zm00035ab007980_T002,Zm00038ab007900_T003,gmap_ID=chr1:23155492-23158941,gmap_ID=chr1:22223187-22226636,Zm00034ab008150_T004,Zm00036ab008100_T002,Zm00027ab008000_T005,Zm00028ab007750_T002,Zm00040ab008050_T003,Zm00019ab008130_T002,Zm00020ab008030_T004,Zm00030ab007950_T003,Zm00022ab007600_T001,Zm00023ab008690_T002,Zm00024ab007900_T002,Zm00025ab008150_T004,Zm00026ab007650_T003,Zm00029ab008000_T002,Zm00021ab007950_T002,Zm00041ab008350_T002,Zm00037ab007820_T004,Zm00018ab007840_T004
pan_gene_91065,Zm00036ab008100_T002,Zm00001eb007510_T001,Zm00042ab008080_T002,Zm00031ab007900_T003,Zm00033ab008400_T004,Zm00035ab007980_T002,Zm00038ab007900_T003,gmap_ID=chr1:23155492-23158941,gmap_ID=chr1:22223187-22226636,Zm00034ab008150_T004,Zm00036ab008100_T002,Zm00027ab008000_T005,Zm00028ab007750_T002,Zm00040ab008050_T003,Zm00019ab008130_T002,Zm00020ab008030_T004,Zm00030ab007950_T003,Zm00022ab007600_T001,Zm00023ab008690_T002,Zm00024ab007900_T002,Zm00025ab008150_T004,Zm00026ab007650_T003,Zm00029ab008000_T002,Zm00021ab007950_T002,Zm00041ab008350_T002,Zm00037ab007820_T004,Zm00018ab007840_T004
pan_gene_92423,Zm00037ab007820_T004,Zm00001eb007510_T001,Zm00042ab008080_T002,Zm00031ab007900_T003,Zm00033ab008400_T004,Zm00035ab007980_T002,Zm00038ab007900_T003,gmap_ID=chr1:23155492-23158941,gmap_ID=chr1:22223187-22226636,Zm00034ab008150_T004,Zm00036ab008100_T002,Zm00027ab008000_T005,Zm00028ab007750_T002,Zm00040ab008050_T003,Zm00019ab008130_T002,Zm00020ab008030_T004,Zm00030ab007950_T003,Zm00022ab007600_T001,Zm00023ab008690_T002,Zm00024ab007900_T002,Zm00025ab008150_T004,Zm00026ab007650_T003,Zm00029ab008000_T002,Zm00021ab007950_T002,Zm00041ab008350_T002,Zm00037ab007820_T004,Zm00018ab007840_T004
pan_gene_93089,Zm00038ab007900_T003,Zm00001eb007510_T001,Zm00042ab008080_T002,Zm00031ab007900_T003,Zm00033ab008400_T004,Zm00035ab007980_T002,Zm00038ab007900_T003,Zm00039ab007760_T002,Zm00032ab008000_T002,Zm00034ab008150_T004,Zm00036ab008100_T002,Zm00027ab008000_T005,Zm00028ab007750_T002,Zm00040ab008050_T003,Zm00019ab008130_T002,Zm00020ab008030_T004,Zm00030ab007950_T003,Zm00022ab007600_T001,Zm00023ab008690_T002,Zm00024ab007900_T002,Zm00025ab008150_T004,Zm00026ab007650_T003,Zm00029ab008000_T002,Zm00021ab007950_T002,Zm00041ab008350_T002,Zm00037ab007820_T004,Zm00018ab007840_T004
pan_gene_94922,Zm00039ab007760_T002,Zm00001eb007510_T001,Zm00042ab008080_T002,Zm00031ab007900_T003,Zm00033ab008400_T004,Zm00035ab007980_T002,Zm00038ab007900_T003,Zm00039ab007760_T002,Zm00032ab008000_T002,Zm00034ab008150_T004,Zm00036ab008100_T002,Zm00027ab008000_T005,Zm00028ab007750_T002,Zm00040ab008050_T003,Zm00019ab008130_T002,Zm00020ab008030_T004,Zm00030ab007950_T003,Zm00022ab007600_T001,Zm00023ab008690_T002,Zm00024ab007900_T002,Zm00025ab008150_T004,Zm00026ab007650_T003,Zm00029ab008000_T002,Zm00021ab007950_T002,Zm00041ab008350_T002,Zm00037ab007820_T004,Zm00018ab007840_T004
pan_gene_96631,Zm00040ab008050_T003,Zm00001eb007510_T001,Zm00042ab008080_T002,Zm00031ab007900_T003,Zm00033ab008400_T004,Zm00035ab007980_T002,Zm00038ab007900_T003,Zm00039ab007760_T002,Zm00032ab008000_T002,Zm00034ab008150_T004,Zm00036ab008100_T002,Zm00027ab008000_T005,Zm00028ab007750_T002,Zm00040ab008050_T003,Zm00019ab008130_T002,Zm00020ab008030_T004,Zm00030ab007950_T003,Zm00022ab007600_T001,Zm00023ab008690_T002,Zm00024ab007900_T002,Zm00025ab008150_T004,Zm00026ab007650_T003,Zm00029ab008000_T002,Zm00021ab007950_T002,Zm00041ab008350_T002,Zm00037ab007820_T004,Zm00018ab007840_T004
pan_gene_98140,Zm00041ab008350_T002,Zm00001eb007510_T001,Zm00042ab008080_T002,Zm00031ab007900_T003,Zm00033ab008400_T004,Zm00035ab007980_T002,Zm00038ab007900_T003,gmap_ID=chr1:23155492-23158941,gmap_ID=chr1:22223187-22226636,Zm00034ab008150_T004,Zm00036ab008100_T002,Zm00027ab008000_T005,Zm00028ab007750_T002,Zm00040ab008050_T003,Zm00019ab008130_T002,Zm00020ab008030_T004,Zm00030ab007950_T003,Zm00022ab007600_T001,Zm00023ab008690_T002,Zm00024ab007900_T002,Zm00025ab008150_T004,Zm00026ab007650_T003,Zm00029ab008000_T002,Zm00021ab007950_T002,Zm00041ab008350_T002,Zm00037ab007820_T004,Zm00018ab007840_T004
pan_gene_99133,Zm00042ab008080_T002,Zm00001eb007510_T001,Zm00042ab008080_T002,Zm00031ab007900_T003,Zm00033ab008400_T004,Zm00035ab007980_T002,Zm00038ab007900_T003,gmap_ID=chr1:23155492-23158941,gmap_ID=chr1:22223187-22226636,Zm00034ab008150_T004,Zm00036ab008100_T002,Zm00027ab008000_T005,Zm00028ab007750_T002,Zm00040ab008050_T003,Zm00019ab008130_T002,Zm00020ab008030_T004,Zm00030ab007950_T003,Zm00022ab007600_T001,Zm00023ab008690_T002,Zm00024ab007900_T002,Zm00025ab008150_T004,Zm00026ab007650_T003,Zm00029ab008000_T002,Zm00021ab007950_T002,Zm00041ab008350_T002,Zm00037ab007820_T004,Zm00018ab007840_T004
,,,,,,,,,,,,,,,,,,,,,,,,,,,
pan_gene_66064,Zm00018ab437530_T001,Zm00001eb417100_T003,NA,NA,NA,NA,NA,NA,NA,NA,NA,NA,NA,NA,NA,NA,NA,NA,NA,NA,NA,NA,NA,NA,NA,NA,Zm00018ab437530_T001